student_id,content_id,correct,time_taken_ms,timestamp,scroll_depth,hint_count,reread_count,exit_flag
1,q5012,0,38000,1565096190868,100,0,0,0
2,q4706,1,24000,1565096221062,100,0,0,0
3,q4366,1,68000,1565096293432,100,0,0,0
4,q4829,0,42000,1565096339668,100,0,0,0
5,q6528,0,59000,1565096401774,100,0,0,0
6,q4793,0,58000,1565096463370,100,0,0,0
7,q6488,1,35000,1565096501746,100,0,0,0
8,q356,1,23000,1565097101361,100,0,0,0
9,q1382,1,22000,1565097171393,100,0,0,0
10,q830,1,25000,1565097240758,100,0,0,0
11,q11259,1,23000,1565097297745,100,0,0,0
12,q1092,1,20000,1565097346903,100,0,0,0
13,q524,1,22000,1565097396305,100,0,0,0
14,q485,0,21000,1565097447155,100,0,0,0
15,q11261,1,23000,1565097496402,100,0,0,0
16,q1329,1,20000,1565097544796,100,0,0,0
17,q1204,1,18000,1565097588350,100,0,0,0
18,q4891,1,28000,1565126570152,100,0,0,0
19,q5477,1,35000,1565126633493,100,0,0,0
20,q5049,0,47000,1565126711968,100,0,0,0
21,q17211,0,35000,1565126787167,100,0,0,0
22,q4760,0,41000,1565130481697,100,0,0,0
23,q5957,1,29000,1565130592803,100,0,0,0
24,q4041,1,35000,1565130648696,100,0,0,0
25,q8633,1,26000,1565130697527,100,0,0,0
26,q4480,1,28000,1565130747697,100,0,0,0
27,q4034,1,10000,1565130789667,100,0,0,0
28,q325,1,22000,1565184364524,100,0,0,0
29,q295,1,18000,1565184428456,100,0,0,0
30,q351,1,19000,1565184506667,100,0,0,0
31,q1298,1,20000,1565184591613,100,0,0,0
32,q1234,1,17000,1565184656806,100,0,0,0
33,q11263,1,20000,1565184729584,100,0,0,0
34,q391,1,21000,1565184809852,100,0,0,0
35,q1010,1,17000,1565184886566,100,0,0,0
36,q563,1,20000,1565184954179,100,0,0,0
37,q11262,1,18000,1565185031706,100,0,0,0
38,q3911,0,81000,1565185188342,100,0,0,0
39,q9786,1,22000,1565185274171,100,0,0,0
40,q4526,1,32000,1565185332658,100,0,0,0
41,q5231,1,49000,1565185429040,100,0,0,0
42,q4685,1,23000,1565185478587,100,0,0,0
43,q17249,1,19000,1565185521429,100,0,0,0
44,q5388,1,58000,1565185605196,100,0,0,0
45,q4324,1,57000,1565185696744,100,0,0,0
46,q4631,1,28000,1565185756998,100,0,0,0
47,q17122,0,38000,1565185804571,100,0,0,0
48,q6047,1,173000,1565310208783,100,0,0,0
49,q5379,1,13000,1565310248409,100,0,0,0
50,q5071,0,43000,1565310320427,100,0,0,0
51,q8940,1,22000,1565310391354,100,0,0,0
52,q5281,1,21000,1565310440463,100,0,0,0
53,q5330,1,18000,1565310483202,100,0,0,0
54,q4559,1,27000,1565310528406,100,0,0,0
55,q9724,0,49000,1565310624544,100,0,0,0
56,q6737,1,26000,1565310728635,100,0,0,0
57,q3791,0,50000,1565310797025,100,0,0,0
58,q150,0,44000,1565360618399,100,0,0,0
59,q8093,1,24000,1565360692685,100,0,0,0
60,q8061,1,23000,1565360743731,100,0,0,0
61,q11016,1,24000,1565360793558,100,0,0,0
62,q143,1,24000,1565360854043,100,0,0,0
63,q560,1,21000,1565360948359,100,0,0,0
64,q577,1,19000,1565361014170,100,0,0,0
65,q698,0,22000,1565361065508,100,0,0,0
66,q11249,1,23000,1565361162865,100,0,0,0
67,q1182,1,22000,1565361219042,100,0,0,0
68,q6838,1,53500,1565395558060,100,0,0,0
68,q6839,1,53500,1565395558109,100,0,0,0
68,q6837,1,53500,1565395558175,100,0,0,0
68,q6840,1,53500,1565395558206,100,0,0,0
69,q10635,1,59500,1565395887882,100,0,0,0
69,q10636,0,59500,1565395888192,100,0,0,0
69,q10634,1,59500,1565395888425,100,0,0,0
69,q10637,0,59500,1565395888432,100,0,0,0
70,q5499,1,9000,1565558594636,100,0,0,0
71,q6501,0,44000,1565558654678,100,0,0,0
72,q8687,1,38000,1565558773386,100,0,0,0
73,q8796,1,22000,1565558821289,100,0,0,0
74,q5978,1,19000,1565558856183,100,0,0,0
75,q5221,0,61000,1565558926117,100,0,0,0
76,q6186,1,51000,1565559039795,100,0,0,0
77,q9124,1,26000,1565559114010,100,0,0,0
78,q6055,1,55000,1565559189099,100,0,0,0
79,q4478,1,13000,1565559231398,100,0,0,0
80,q4276,1,8000,1566025932980,100,0,0,0
81,q17158,1,61000,1566026001759,100,0,0,0
82,q6522,1,52000,1566026076643,100,0,0,0
83,q5390,1,54000,1566026152269,100,0,0,0
84,q4304,0,30000,1566026204991,100,0,0,0
84,q4304,1,9000,1566026273393,100,0,0,0
85,q6501,1,13000,1566026294413,100,0,0,0
86,q6921,0,49750,1566027677731,100,0,0,0
86,q6924,1,49750,1566027677734,100,0,0,0
86,q6922,1,49750,1566027677747,100,0,0,0
86,q6923,0,49750,1566027677787,100,0,0,0
87,q5724,1,35000,1566219014693,100,0,0,0
88,q8557,1,58000,1566219099863,100,0,0,0
89,q3939,1,32000,1566219161537,100,0,0,0
90,q8482,1,33000,1566219216118,100,0,0,0
91,q6194,0,52000,1566219292019,100,0,0,0
92,q9034,1,14000,1566219558556,100,0,0,0
93,q4297,1,47000,1566219614796,100,0,0,0
94,q5432,1,37000,1566219690567,100,0,0,0
95,q3928,1,10000,1566219731830,100,0,0,0
96,q10067,1,29000,1566219796264,100,0,0,0
97,q6733,1,33000,1566251064486,100,0,0,0
98,q3774,1,19000,1566251131356,100,0,0,0
99,q4127,0,50000,1566251198891,100,0,0,0
100,q8641,1,24000,1566251265049,100,0,0,0
101,q4565,1,15000,1566251306455,100,0,0,0
102,q6454,1,26000,1566251359877,100,0,0,0
103,q8657,1,26000,1566251402989,100,0,0,0
104,q10128,1,44000,1566251485050,100,0,0,0
105,q4563,0,55000,1566251576846,100,0,0,0
106,q5458,0,69000,1566251710221,100,0,0,0
107,q6179,1,27000,1566335987833,100,0,0,0
108,q9148,0,81000,1566336090611,100,0,0,0
109,q5283,1,34000,1566336189695,100,0,0,0
110,q6551,1,43000,1566336258906,100,0,0,0
111,q3945,1,30000,1566336313772,100,0,0,0
112,q8578,1,28000,1566336375193,100,0,0,0
113,q5050,1,32000,1566336423726,100,0,0,0
114,q5507,0,24000,1566336479649,100,0,0,0
115,q3995,1,25000,1566336566671,100,0,0,0
116,q10149,0,52000,1566336652108,100,0,0,0
117,q5741,1,24000,1566393718814,100,0,0,0
118,q4318,0,47000,1566393782010,100,0,0,0
119,q8455,1,32000,1566393880470,100,0,0,0
120,q9820,1,40000,1566393941432,100,0,0,0
121,q6087,1,41000,1566394006370,100,0,0,0
122,q5553,1,50000,1566394079441,100,0,0,0
123,q4495,1,79000,1566394183012,100,0,0,0
124,q8818,1,39000,1566394265343,100,0,0,0
125,q6390,1,99000,1566403603555,100,0,0,0
126,q6113,1,36000,1566403680150,100,0,0,0
127,q668,0,21000,1566477971834,100,0,0,0
128,q947,1,27000,1566478120960,100,0,0,0
129,q676,1,21000,1566478221669,100,0,0,0
130,q834,1,26000,1566478358854,100,0,0,0
131,q703,1,23000,1566478478508,100,0,0,0
132,q967,1,21000,1566478590862,100,0,0,0
133,q1346,1,22000,1566478699889,100,0,0,0
134,q467,1,22000,1566478826750,100,0,0,0
135,q850,0,21000,1566478931185,100,0,0,0
136,q316,1,19000,1566479042611,100,0,0,0
137,q5786,1,64000,1566479222897,100,0,0,0
138,q9477,1,56000,1566479334945,100,0,0,0
139,q4031,1,76000,1566479465517,100,0,0,0
140,q5774,1,88000,1566479596937,100,0,0,0
141,q5060,1,33000,1566479655945,100,0,0,0
142,q17284,1,28000,1566479711815,100,0,0,0
143,q6378,1,48000,1566479777267,100,0,0,0
144,q4528,1,52000,1566479854280,100,0,0,0
145,q5682,1,67000,1566479956374,100,0,0,0
146,q5899,1,32000,1566480029356,100,0,0,0
147,q555,0,22000,1566655050670,100,0,0,0
148,q749,0,20000,1566655166546,100,0,0,0
149,q237,1,26000,1566655263279,100,0,0,0
150,q380,1,23000,1566655376873,100,0,0,0
151,q1310,0,21000,1566655508317,100,0,0,0
152,q945,1,20000,1566655616931,100,0,0,0
153,q754,0,21000,1566655752431,100,0,0,0
154,q667,0,40000,1566655865760,100,0,0,0
155,q1062,1,26000,1566656000171,100,0,0,0
156,q600,0,21000,1566656064945,100,0,0,0
157,q523,1,18000,1566739452169,100,0,0,0
158,q469,1,19000,1566739512607,100,0,0,0
159,q1049,1,19000,1566739611724,100,0,0,0
160,q1340,1,21000,1566739714652,100,0,0,0
161,q243,0,24000,1566739827528,100,0,0,0
162,q729,0,23000,1566739962124,100,0,0,0
163,q1395,1,25000,1566740085365,100,0,0,0
164,q1383,1,20000,1566740212048,100,0,0,0
165,q802,1,17000,1566740321497,100,0,0,0
166,q870,1,22000,1566740398275,100,0,0,0
167,q5838,0,35000,1566769042752,100,0,0,0
168,q4202,1,20000,1566769074781,100,0,0,0
169,q5392,1,31000,1566769142687,100,0,0,0
170,q9455,1,24000,1566769185012,100,0,0,0
171,q5763,0,34000,1566769245048,100,0,0,0
172,q8692,1,57000,1566769341632,100,0,0,0
173,q6497,1,57000,1566769426382,100,0,0,0
174,q8758,1,59000,1566769530012,100,0,0,0
175,q6401,1,28000,1566769666473,100,0,0,0
176,q5243,1,13000,1566769705559,100,0,0,0
177,q5039,1,23000,1566807303525,100,0,0,0
178,q9777,1,16000,1566807368945,100,0,0,0
179,q4001,0,48000,1566807441912,100,0,0,0
180,q6075,1,58000,1566807574043,100,0,0,0
181,q4402,1,19000,1566807624178,100,0,0,0
182,q8373,0,162000,1566807815821,100,0,0,0
183,q5311,1,55000,1566807938850,100,0,0,0
184,q4474,1,92000,1566808075134,100,0,0,0
185,q6431,1,45000,1566808173252,100,0,0,0
186,q3843,1,41000,1566808273846,100,0,0,0
187,q552,1,12000,1566825408375,100,0,0,0
188,q858,1,20000,1566825551851,100,0,0,0
189,q477,1,20000,1566826374906,100,0,0,0
190,q764,1,19000,1566826477072,100,0,0,0
191,q1149,0,20000,1566826562545,100,0,0,0
192,q6543,0,56000,1566856041583,100,0,0,0
193,q5075,0,59000,1566856272978,100,0,0,0
194,q5452,1,26000,1566856367080,100,0,0,0
195,q8955,1,34000,1566856458417,100,0,0,0
196,q5652,1,75000,1566856561170,100,0,0,0
197,q4539,1,48000,1566911243285,100,0,0,0
198,q3728,1,43000,1566911325785,100,0,0,0
199,q17291,1,37000,1566911394801,100,0,0,0
200,q5315,1,51000,1566911459552,100,0,0,0
201,q4925,1,26000,1566911522268,100,0,0,0
202,q1319,0,19000,1566997726360,100,0,0,0
203,q897,1,19000,1566997845253,100,0,0,0
204,q1186,1,17000,1566997953116,100,0,0,0
205,q1157,1,17000,1566998064650,100,0,0,0
206,q591,0,24000,1566998197481,100,0,0,0
207,q3788,1,21000,1567087122182,100,0,0,0
208,q17262,1,64000,1567087222806,100,0,0,0
209,q5361,1,20000,1567114403823,100,0,0,0
210,q5294,1,16000,1567115014757,100,0,0,0
211,q3691,1,23000,1567115048137,100,0,0,0
212,q17151,0,90000,1567115171816,100,0,0,0
213,q4790,1,34000,1567115278481,100,0,0,0
214,q6059,0,87000,1567115395963,100,0,0,0
215,q6156,1,38000,1567115478770,100,0,0,0
216,q17213,0,84000,1567115622838,100,0,0,0
217,q104,1,63000,1567139631713,100,0,0,0
218,q1724,1,39000,1567139873125,100,0,0,0
218,q1722,0,39000,1567139873135,100,0,0,0
218,q1723,1,39000,1567139873167,100,0,0,0
219,q10649,1,57500,1567140388553,100,0,0,0
219,q10648,1,57500,1567140388553,100,0,0,0
219,q10647,0,57500,1567140388557,100,0,0,0
219,q10646,1,57500,1567140388587,100,0,0,0
219,q10647,0,4750,1567140411742,100,0,0,0
219,q10646,1,4750,1567140411879,100,0,0,0
219,q10648,1,4750,1567140411880,100,0,0,0
219,q10649,1,4750,1567140411906,100,0,0,0
220,q10029,1,19000,1567141435225,100,0,0,0
221,q10020,0,30000,1567149292849,100,0,0,0
222,q1738,1,48333,1567149499948,100,0,0,0
222,q1737,0,48333,1567149499972,100,0,0,0
222,q1739,0,48333,1567149500048,100,0,0,0
223,q1456,0,44333,1567150239423,100,0,0,0
223,q1455,1,44333,1567150239562,100,0,0,0
223,q1457,0,44333,1567150239563,100,0,0,0
224,q10026,1,32000,1567150490173,100,0,0,0
225,q10033,0,32000,1567150545584,100,0,0,0
226,q1729,1,34333,1567150695892,100,0,0,0
226,q1730,0,34333,1567150696019,100,0,0,0
226,q1728,1,34333,1567150696024,100,0,0,0
227,q1002,0,51000,1567150905066,100,0,0,0
228,q1361,1,57000,1567151045308,100,0,0,0
229,q1247,0,47000,1567151149311,100,0,0,0
230,q1515,1,41666,1567151339421,100,0,0,0
230,q1516,0,41666,1567151339595,100,0,0,0
230,q1517,1,41666,1567151339609,100,0,0,0
231,q10045,1,300000,1567156993340,100,0,0,0
232,q1779,1,36666,1567157241136,100,0,0,0
232,q1781,1,36666,1567157241284,100,0,0,0
232,q1780,1,36666,1567157241293,100,0,0,0
233,q11835,1,42250,1567288980575,100,0,0,0
233,q11837,0,42250,1567288980623,100,0,0,0
233,q11838,1,42250,1567288980646,100,0,0,0
233,q11836,1,42250,1567288980708,100,0,0,0
234,q1885,0,49666,1567345274793,100,0,0,0
234,q1886,0,49666,1567345274834,100,0,0,0
234,q1884,0,49666,1567345274894,100,0,0,0
235,q2357,0,38000,1567345579999,100,0,0,0
235,q2355,1,38000,1567345580018,100,0,0,0
235,q2356,0,38000,1567345580034,100,0,0,0
236,q2526,0,36666,1567345892524,100,0,0,0
236,q2528,0,36666,1567345892547,100,0,0,0
236,q2527,1,36666,1567345892552,100,0,0,0
237,q1927,1,35666,1567346152874,100,0,0,0
237,q1928,0,35666,1567346152886,100,0,0,0
237,q1926,0,35666,1567346152899,100,0,0,0
238,q2542,1,30000,1567346432948,100,0,0,0
238,q2541,0,30000,1567346432962,100,0,0,0
238,q2543,1,30000,1567346432984,100,0,0,0
239,q3114,0,51666,1567430280575,100,0,0,0
239,q3115,0,51666,1567430280627,100,0,0,0
239,q3116,0,51666,1567430280636,100,0,0,0
240,q3190,0,43000,1567430592285,100,0,0,0
240,q3191,0,43000,1567430592311,100,0,0,0
240,q3189,0,43000,1567430592321,100,0,0,0
241,q3121,1,34666,1567430825963,100,0,0,0
241,q3120,1,34666,1567430825969,100,0,0,0
241,q3122,0,34666,1567430826004,100,0,0,0
242,q2617,0,39666,1567431198153,100,0,0,0
242,q2618,0,39666,1567431198248,100,0,0,0
242,q2616,0,39666,1567431199156,100,0,0,0
243,q3004,1,32666,1567460839046,100,0,0,0
243,q3005,1,32666,1567460839052,100,0,0,0
243,q3003,1,32666,1567460839103,100,0,0,0
244,q2829,0,37000,1567461068206,100,0,0,0
244,q2831,0,37000,1567461068221,100,0,0,0
244,q2830,1,37000,1567461068313,100,0,0,0
245,q3514,1,41333,1567461317304,100,0,0,0
245,q3515,1,41333,1567461317322,100,0,0,0
245,q3513,0,41333,1567461317331,100,0,0,0
246,q3335,1,36666,1567461550116,100,0,0,0
246,q3334,0,36666,1567461550143,100,0,0,0
246,q3333,1,36666,1567461550276,100,0,0,0
247,q2898,1,249666,1567465924688,100,0,0,0
247,q2899,1,249666,1567465924689,100,0,0,0
247,q2900,0,249666,1567465924852,100,0,0,0
248,q1704,1,36666,1567515666928,100,0,0,0
248,q1705,1,36666,1567515666940,100,0,0,0
248,q1706,1,36666,1567515666976,100,0,0,0
249,q2263,1,41333,1567515961770,100,0,0,0
249,q2262,0,41333,1567515961811,100,0,0,0
249,q2264,1,41333,1567515961867,100,0,0,0
250,q2233,1,35000,1567516182748,100,0,0,0
250,q2234,1,35000,1567516182799,100,0,0,0
250,q2232,1,35000,1567516182811,100,0,0,0
251,q1980,0,39333,1567516432083,100,0,0,0
251,q1981,0,39333,1567516432109,100,0,0,0
251,q1982,1,39333,1567516432135,100,0,0,0
252,q1760,0,41000,1567516770332,100,0,0,0
252,q1759,0,41000,1567516770359,100,0,0,0
252,q1758,1,41000,1567516770395,100,0,0,0
253,q485,1,21000,1567517013783,100,0,0,0
254,q150,0,26000,1567517134968,100,0,0,0
255,q698,1,25000,1567517190405,100,0,0,0
256,q668,1,19000,1567517260871,100,0,0,0
257,q850,1,21000,1567517341508,100,0,0,0
258,q555,0,28000,1567517420484,100,0,0,0
259,q749,1,23000,1567517485871,100,0,0,0
260,q1310,0,19000,1567517546928,100,0,0,0
261,q754,1,20000,1567517624777,100,0,0,0
262,q667,1,18000,1567517687926,100,0,0,0
263,q600,1,19000,1567517957517,100,0,0,0
264,q243,1,18000,1567518023374,100,0,0,0
265,q729,0,22000,1567518094585,100,0,0,0
266,q1149,1,16000,1567518166673,100,0,0,0
267,q1319,1,16000,1567518205185,100,0,0,0
268,q7016,1,118400,1567720315662,100,0,0,0
268,q7013,0,118400,1567720315683,100,0,0,0
268,q7015,1,118400,1567720315716,100,0,0,0
268,q7017,1,118400,1567720315721,100,0,0,0
268,q7014,1,118400,1567720315721,100,0,0,0
269,q7612,0,107600,1567720895371,100,0,0,0
269,q7608,1,107600,1567720895392,100,0,0,0
269,q7610,1,107600,1567720895424,100,0,0,0
269,q7611,0,107600,1567720895434,100,0,0,0
269,q7609,1,107600,1567720898518,100,0,0,0
270,q7461,1,71800,1567893088447,100,0,0,0
270,q7460,1,71800,1567893088459,100,0,0,0
270,q7463,1,71800,1567893088490,100,0,0,0
270,q7464,1,71800,1567893088497,100,0,0,0
270,q7462,1,71800,1567893088723,100,0,0,0
271,q7887,1,106600,1567893817847,100,0,0,0
271,q7888,1,106600,1567893817866,100,0,0,0
271,q7890,1,106600,1567893817894,100,0,0,0
271,q7889,1,106600,1567893817930,100,0,0,0
271,q7886,1,106600,1567893817957,100,0,0,0
272,q7523,1,127200,1567894592695,100,0,0,0
272,q7524,0,127200,1567894592709,100,0,0,0
272,q7521,1,127200,1567894592721,100,0,0,0
272,q7522,1,127200,1567894592772,100,0,0,0
272,q7520,1,127200,1567894592810,100,0,0,0
273,q5012,0,33000,1567978902667,100,0,0,0
274,q4829,1,28000,1567978968729,100,0,0,0
275,q6528,0,77000,1567979068913,100,0,0,0
276,q4793,1,62000,1567979221621,100,0,0,0
277,q5049,1,79000,1567979347847,100,0,0,0
278,q17211,0,74000,1567979442864,100,0,0,0
279,q4760,1,47000,1567979528184,100,0,0,0
280,q3911,1,45000,1567979624100,100,0,0,0
281,q17122,0,60000,1567979724984,100,0,0,0
282,q5071,1,65000,1567979819780,100,0,0,0
283,q9724,1,26000,1567979884231,100,0,0,0
284,q3791,0,39000,1567979941256,100,0,0,0
285,q61,1,29000,1568122347501,100,0,0,0
286,q172,0,25000,1568122438067,100,0,0,0
287,q8057,0,26000,1568122508616,100,0,0,0
288,q8143,0,29000,1568122606993,100,0,0,0
289,q135,0,25000,1568122695756,100,0,0,0
290,q8108,1,24000,1568122817085,100,0,0,0
291,q3156,0,1333,1568123913951,100,0,0,0
291,q3157,0,1333,1568123913953,100,0,0,0
291,q3158,1,1333,1568123913997,100,0,0,0
292,q2954,0,666,1568124104854,100,0,0,0
292,q2953,1,666,1568124104862,100,0,0,0
292,q2952,1,666,1568124105016,100,0,0,0
293,q3397,1,37333,1568124314070,100,0,0,0
293,q3396,0,37333,1568124314076,100,0,0,0
293,q3398,1,37333,1568124314080,100,0,0,0
294,q3460,1,6666,1568124496511,100,0,0,0
294,q3459,1,6666,1568124496527,100,0,0,0
294,q3461,1,6666,1568124497268,100,0,0,0
295,q2640,1,9000,1568124633394,100,0,0,0
295,q2641,0,9000,1568124633415,100,0,0,0
295,q2642,1,9000,1568124633422,100,0,0,0
296,q10640,1,51750,1568155710417,100,0,0,0
296,q10641,1,51750,1568155710437,100,0,0,0
296,q10639,0,51750,1568155710494,100,0,0,0
296,q10638,0,51750,1568155710554,100,0,0,0
297,q6853,1,33000,1568155993936,100,0,0,0
297,q6856,1,33000,1568155993961,100,0,0,0
297,q6854,1,33000,1568155993982,100,0,0,0
297,q6855,1,33000,1568155994588,100,0,0,0
298,q6880,0,79500,1568156344759,100,0,0,0
298,q6878,0,79500,1568156344784,100,0,0,0
298,q6877,1,79500,1568156344837,100,0,0,0
298,q6879,1,79500,1568156344892,100,0,0,0
299,q6806,1,113750,1568157370969,100,0,0,0
299,q6808,1,113750,1568157370983,100,0,0,0
299,q6805,1,113750,1568157373695,100,0,0,0
299,q6807,1,113750,1568157373723,100,0,0,0
300,q10634,1,42750,1568181478385,100,0,0,0
300,q10636,0,42750,1568181478400,100,0,0,0
300,q10635,1,42750,1568181478462,100,0,0,0
300,q10637,1,42750,1568181478572,100,0,0,0
301,q5221,0,102000,1568181657509,100,0,0,0
302,q6924,1,65000,1568183022264,100,0,0,0
302,q6922,1,65000,1568183022280,100,0,0,0
302,q6923,1,65000,1568183022290,100,0,0,0
302,q6921,1,65000,1568183022367,100,0,0,0
303,q6194,1,93000,1568183324880,100,0,0,0
304,q4127,1,54000,1568183405783,100,0,0,0
305,q4563,0,30000,1568183768081,100,0,0,0
306,q5458,0,64000,1568278371170,100,0,0,0
307,q9148,1,30000,1568343972691,100,0,0,0
308,q5507,1,18000,1568344009755,100,0,0,0
309,q10149,0,106000,1568344148367,100,0,0,0
310,q4318,1,43000,1568344231656,100,0,0,0
311,q5838,0,22000,1568344301414,100,0,0,0
312,q5763,1,40000,1568344380708,100,0,0,0
313,q4001,0,48000,1568344451189,100,0,0,0
314,q8373,1,95000,1568344622188,100,0,0,0
315,q6543,0,48000,1568344696063,100,0,0,0
316,q5075,1,94000,1568344848088,100,0,0,0
317,q17151,0,72000,1568344951512,100,0,0,0
318,q6059,0,42000,1568345052779,100,0,0,0
319,q6930,1,62750,1568346880888,100,0,0,0
319,q6929,1,62750,1568346880922,100,0,0,0
319,q6931,1,62750,1568346880926,100,0,0,0
319,q6932,1,62750,1568346880957,100,0,0,0
320,q6665,1,55250,1568450064588,100,0,0,0
320,q6667,1,55250,1568450064674,100,0,0,0
320,q6668,1,55250,1568450064679,100,0,0,0
320,q6666,1,55250,1568450064705,100,0,0,0
321,q6987,1,37250,1568450285934,100,0,0,0
321,q6986,1,37250,1568450285945,100,0,0,0
321,q6985,1,37250,1568450285955,100,0,0,0
321,q6988,1,37250,1568450286011,100,0,0,0
322,q11833,1,35250,1568450509037,100,0,0,0
322,q11834,1,35250,1568450509060,100,0,0,0
322,q11831,1,35250,1568450509127,100,0,0,0
322,q11832,1,35250,1568450509216,100,0,0,0
323,q13,1,26000,1568640633013,100,0,0,0
324,q8096,0,32000,1568640724642,100,0,0,0
325,q188,1,25000,1568640807224,100,0,0,0
326,q176,0,26000,1568640865347,100,0,0,0
327,q29,1,29000,1568640976655,100,0,0,0
328,q46,1,24000,1568641073348,100,0,0,0
329,q2520,1,119666,1568685266336,100,0,0,0
329,q2522,0,119666,1568685266347,100,0,0,0
329,q2521,0,119666,1568685266430,100,0,0,0
330,q9463,1,26000,1568699575882,100,0,0,0
331,q5922,1,158000,1568699774199,100,0,0,0
332,q5773,1,139000,1568702205045,100,0,0,0
333,q6486,1,183000,1568702431048,100,0,0,0
334,q10119,0,40000,1568705057072,100,0,0,0
335,q8460,1,67000,1568705170162,100,0,0,0
336,q4166,1,85000,1568705977911,100,0,0,0
337,q4055,0,42000,1568706228179,100,0,0,0
338,q9965,1,318000,1568706941883,100,0,0,0
339,q5052,0,121000,1568707101461,100,0,0,0
340,q6571,1,142750,1568707798469,100,0,0,0
340,q6569,1,142750,1568707798489,100,0,0,0
340,q6570,1,142750,1568707798500,100,0,0,0
340,q6572,0,142750,1568707798554,100,0,0,0
341,q6650,1,85250,1568708244438,100,0,0,0
341,q6651,0,85250,1568708244456,100,0,0,0
341,q6652,1,85250,1568708244457,100,0,0,0
341,q6649,1,85250,1568708244477,100,0,0,0
342,q1918,1,46000,1568729894598,100,0,0,0
342,q1917,1,46000,1568729894606,100,0,0,0
342,q1919,1,46000,1568729894668,100,0,0,0
343,q2213,1,30000,1568730476792,100,0,0,0
343,q2212,1,30000,1568730476806,100,0,0,0
343,q2211,1,30000,1568730476868,100,0,0,0
344,q2195,0,32000,1568730954964,100,0,0,0
344,q2193,1,32000,1568730954968,100,0,0,0
344,q2194,1,32000,1568730955344,100,0,0,0
345,q2408,0,36333,1568732772613,100,0,0,0
345,q2407,1,36333,1568732772642,100,0,0,0
345,q2406,1,36333,1568732772642,100,0,0,0
346,q2671,0,61666,1568755178954,100,0,0,0
346,q2670,1,61666,1568755179040,100,0,0,0
346,q2672,0,61666,1568755179098,100,0,0,0
347,q2680,1,59333,1568755546182,100,0,0,0
347,q2681,0,59333,1568755546212,100,0,0,0
347,q2679,1,59333,1568755546220,100,0,0,0
348,q2917,1,38333,1568755829848,100,0,0,0
348,q2916,0,38333,1568755829855,100,0,0,0
348,q2918,1,38333,1568755830224,100,0,0,0
349,q3113,1,44333,1568756155548,100,0,0,0
349,q3112,0,44333,1568756155557,100,0,0,0
349,q3111,1,44333,1568756155605,100,0,0,0
350,q2624,0,38000,1568756477935,100,0,0,0
350,q2622,0,38000,1568756478803,100,0,0,0
350,q2623,0,38000,1568756478897,100,0,0,0
351,q1765,1,42333,1568761187025,100,0,0,0
351,q1764,0,42333,1568761187140,100,0,0,0
351,q1766,1,42333,1568761187143,100,0,0,0
352,q1761,0,44666,1568761510647,100,0,0,0
352,q1763,0,44666,1568761511035,100,0,0,0
352,q1762,0,44666,1568761511040,100,0,0,0
353,q8168,0,28000,1568766219960,100,0,0,0
354,q11,0,42000,1568766305501,100,0,0,0
355,q11194,0,24000,1568766386174,100,0,0,0
356,q8090,1,24000,1568766487690,100,0,0,0
357,q8161,1,27000,1568766560553,100,0,0,0
358,q65,1,27000,1568766888086,100,0,0,0
359,q11243,1,26000,1568766965524,100,0,0,0
360,q59,0,29000,1568767034076,100,0,0,0
361,q111,0,34000,1568767112613,100,0,0,0
362,q8179,0,28000,1568767234632,100,0,0,0
363,q1418,1,6666,1568768310805,100,0,0,0
363,q1417,1,6666,1568768310874,100,0,0,0
363,q1416,1,6666,1568768310930,100,0,0,0
364,q2567,1,29666,1568768959464,100,0,0,0
364,q2566,1,29666,1568768959493,100,0,0,0
364,q2565,1,29666,1568768959499,100,0,0,0
365,q7401,1,150750,1568785624457,100,0,0,0
365,q7398,1,150750,1568785624468,100,0,0,0
365,q7400,1,150750,1568785624511,100,0,0,0
365,q7399,1,150750,1568785624656,100,0,0,0
366,q8022,1,129500,1568800327884,100,0,0,0
366,q8025,1,129500,1568800327884,100,0,0,0
366,q8023,1,129500,1568800327886,100,0,0,0
366,q8024,1,129500,1568800327944,100,0,0,0
367,q7875,0,86600,1568804505214,100,0,0,0
367,q7873,1,86600,1568804505273,100,0,0,0
367,q7872,0,86600,1568804505287,100,0,0,0
367,q7871,1,86600,1568804505299,100,0,0,0
367,q7874,1,86600,1568804505317,100,0,0,0
368,q11040,0,31000,1568814485775,100,0,0,0
369,q131,1,26000,1568814789417,100,0,0,0
370,q73,1,26000,1568815015405,100,0,0,0
371,q56,1,229000,1568815878747,100,0,0,0
372,q11182,1,54000,1568816041028,100,0,0,0
373,q8103,1,324000,1568817001849,100,0,0,0
374,q8074,1,29000,1568817222160,100,0,0,0
375,q171,1,159000,1568817556021,100,0,0,0
376,q11220,1,319000,1568819606292,100,0,0,0
377,q158,1,27000,1568819886610,100,0,0,0
378,q1577,1,44000,1568844908355,100,0,0,0
378,q1576,0,44000,1568844908572,100,0,0,0
378,q1575,1,44000,1568844908640,100,0,0,0
379,q1740,0,46666,1568845288332,100,0,0,0
379,q1742,0,46666,1568845288375,100,0,0,0
379,q1741,1,46666,1568845288389,100,0,0,0
380,q1924,0,47000,1568845629948,100,0,0,0
380,q1925,1,47000,1568845629948,100,0,0,0
380,q1923,1,47000,1568845629964,100,0,0,0
381,q2116,1,37000,1568845941694,100,0,0,0
381,q2115,1,37000,1568845941743,100,0,0,0
381,q2117,1,37000,1568845941766,100,0,0,0
382,q2150,1,36333,1568846355638,100,0,0,0
382,q2148,0,36333,1568846355670,100,0,0,0
382,q2149,1,36333,1568846355678,100,0,0,0
383,q7511,1,299600,1568867584526,100,0,0,0
383,q7512,1,299600,1568867584533,100,0,0,0
383,q7510,1,299600,1568867584544,100,0,0,0
383,q7513,0,299600,1568867584623,100,0,0,0
383,q7514,1,299600,1568867584740,100,0,0,0
384,q7771,0,238000,1568869778688,100,0,0,0
384,q7770,1,238000,1568869778719,100,0,0,0
384,q7772,0,238000,1568869778741,100,0,0,0
385,q3313,0,42000,1568969008266,100,0,0,0
385,q3312,1,42000,1568969008316,100,0,0,0
385,q3314,1,42000,1568969008408,100,0,0,0
386,q3560,1,46000,1568969273073,100,0,0,0
386,q3559,1,46000,1568969273105,100,0,0,0
386,q3558,1,46000,1568969277567,100,0,0,0
387,q2859,1,11000,1568969494840,100,0,0,0
387,q2861,0,11000,1568969494847,100,0,0,0
387,q2860,0,11000,1568969494850,100,0,0,0
388,q6887,1,43500,1569025442787,100,0,0,0
388,q6885,1,43500,1569025442837,100,0,0,0
388,q6888,1,43500,1569025442861,100,0,0,0
388,q6886,1,43500,1569025442978,100,0,0,0
389,q11549,1,63000,1569049909558,100,0,0,0
389,q11548,0,63000,1569049909566,100,0,0,0
389,q11550,1,63000,1569049909640,100,0,0,0
389,q11547,0,63000,1569049909669,100,0,0,0
390,q6568,1,56500,1569050317587,100,0,0,0
390,q6565,1,56500,1569050317593,100,0,0,0
390,q6567,1,56500,1569050317626,100,0,0,0
390,q6566,1,56500,1569050317726,100,0,0,0
391,q6968,0,65500,1569052616612,100,0,0,0
391,q6967,0,65500,1569052616666,100,0,0,0
391,q6966,1,65500,1569052616676,100,0,0,0
391,q6965,1,65500,1569052616762,100,0,0,0
392,q6869,1,74500,1569053032804,100,0,0,0
392,q6871,1,74500,1569053032832,100,0,0,0
392,q6870,1,74500,1569053032882,100,0,0,0
392,q6872,0,74500,1569053032899,100,0,0,0
393,q7260,1,129400,1569053881855,100,0,0,0
393,q7258,1,129400,1569053881861,100,0,0,0
393,q7261,1,129400,1569053881904,100,0,0,0
393,q7257,0,129400,1569053881918,100,0,0,0
393,q7259,1,129400,1569053882076,100,0,0,0
394,q7249,1,108800,1569054754534,100,0,0,0
394,q7248,1,108800,1569054754567,100,0,0,0
394,q7247,1,108800,1569054754573,100,0,0,0
394,q7250,1,108800,1569054754579,100,0,0,0
394,q7251,1,108800,1569054754687,100,0,0,0
395,q2660,1,33666,1569074312877,100,0,0,0
395,q2659,1,33666,1569074312943,100,0,0,0
395,q2658,0,33666,1569074312964,100,0,0,0
396,q2848,1,43333,1569074572092,100,0,0,0
396,q2849,0,43333,1569074572114,100,0,0,0
396,q2847,1,43333,1569074572121,100,0,0,0
397,q2721,1,30333,1569074808566,100,0,0,0
397,q2723,0,30333,1569074808598,100,0,0,0
397,q2722,1,30333,1569074808612,100,0,0,0
398,q3416,1,38666,1569075035041,100,0,0,0
398,q3415,1,38666,1569075035072,100,0,0,0
398,q3414,1,38666,1569075035140,100,0,0,0
399,q3411,1,39000,1569075248465,100,0,0,0
399,q3413,1,39000,1569075248540,100,0,0,0
399,q3412,0,39000,1569075248637,100,0,0,0
400,q3222,1,37333,1569157993775,100,0,0,0
400,q3223,1,37333,1569157993800,100,0,0,0
400,q3224,0,37333,1569157993814,100,0,0,0
401,q2601,0,40333,1569158259997,100,0,0,0
401,q2603,0,40333,1569158260004,100,0,0,0
401,q2602,1,40333,1569158260049,100,0,0,0
402,q3524,0,40333,1569158567870,100,0,0,0
402,q3522,1,40333,1569158567923,100,0,0,0
402,q3523,1,40333,1569158567943,100,0,0,0
403,q2846,1,31666,1569158820931,100,0,0,0
403,q2844,1,31666,1569158820935,100,0,0,0
403,q2845,1,31666,1569158820985,100,0,0,0
404,q3425,1,36333,1569159048942,100,0,0,0
404,q3423,1,36333,1569159048952,100,0,0,0
404,q3424,1,36333,1569159048966,100,0,0,0
405,q3557,0,33333,1569246148784,100,0,0,0
405,q3556,1,33333,1569246148785,100,0,0,0
405,q3555,1,33333,1569246148882,100,0,0,0
406,q3306,1,31333,1569246404850,100,0,0,0
406,q3307,1,31333,1569246404867,100,0,0,0
406,q3308,0,31333,1569246404890,100,0,0,0
407,q2627,1,37666,1569247302408,100,0,0,0
407,q2626,0,37666,1569247302423,100,0,0,0
407,q2625,1,37666,1569247302480,100,0,0,0
408,q2608,1,38666,1569247673264,100,0,0,0
408,q2609,1,38666,1569247673270,100,0,0,0
408,q2607,0,38666,1569247673274,100,0,0,0
409,q3388,0,41666,1569247962132,100,0,0,0
409,q3389,1,41666,1569247962149,100,0,0,0
409,q3387,0,41666,1569247962151,100,0,0,0
410,q6355,1,21000,1569275203698,100,0,0,0
411,q6336,0,62000,1569275299020,100,0,0,0
412,q9825,1,31000,1569275355101,100,0,0,0
413,q5328,0,39000,1569275568132,100,0,0,0
414,q5308,1,48000,1569275661982,100,0,0,0
415,q4602,1,57000,1569275755091,100,0,0,0
416,q9094,1,27000,1569275807985,100,0,0,0
417,q9578,0,76000,1569275901062,100,0,0,0
418,q4181,1,13000,1569275995704,100,0,0,0
419,q4121,0,66000,1569276102188,100,0,0,0
420,q6194,1,16000,1569284149262,100,0,0,0
421,q5221,1,32000,1569284198586,100,0,0,0
422,q6871,1,40250,1569284777870,100,0,0,0
422,q6870,1,40250,1569284777905,100,0,0,0
422,q6872,1,40250,1569284777956,100,0,0,0
422,q6869,1,40250,1569284778020,100,0,0,0
423,q591,1,23000,1569284929109,100,0,0,0
424,q243,1,21000,1569284991519,100,0,0,0
425,q754,1,24000,1569285073024,100,0,0,0
426,q850,1,18000,1569285315335,100,0,0,0
427,q1319,1,19000,1569285372959,100,0,0,0
428,q729,1,52000,1569287178109,100,0,0,0
429,q667,0,25000,1569287283435,100,0,0,0
430,q555,1,22000,1569287374890,100,0,0,0
431,q3353,0,34000,1569316926498,100,0,0,0
431,q3351,0,34000,1569316926528,100,0,0,0
431,q3352,1,34000,1569316926608,100,0,0,0
432,q2610,0,28666,1569317801531,100,0,0,0
432,q2612,1,28666,1569317801607,100,0,0,0
432,q2611,1,28666,1569317801615,100,0,0,0
433,q3225,0,26333,1569318188144,100,0,0,0
433,q3226,0,26333,1569318188164,100,0,0,0
433,q3227,1,26333,1569318188181,100,0,0,0
434,q3117,1,26000,1569318524213,100,0,0,0
434,q3119,0,26000,1569318524255,100,0,0,0
434,q3118,0,26000,1569318524275,100,0,0,0
435,q2903,1,34666,1569318758720,100,0,0,0
435,q2901,1,34666,1569318758723,100,0,0,0
435,q2902,1,34666,1569318758817,100,0,0,0
436,q8874,1,24000,1569320013543,100,0,0,0
437,q6071,0,81000,1569320201314,100,0,0,0
438,q5493,0,107000,1569320544602,100,0,0,0
439,q5309,0,88000,1569320980524,100,0,0,0
440,q9672,0,48000,1569321070271,100,0,0,0
441,q6127,0,44000,1569321142525,100,0,0,0
442,q6465,1,36000,1569321222545,100,0,0,0
443,q5731,0,62000,1569330702461,100,0,0,0
444,q9004,1,44000,1569330800142,100,0,0,0
445,q5564,0,62000,1569330887048,100,0,0,0
446,q8065,1,29000,1569331876791,100,0,0,0
447,q7,0,37000,1569332338562,100,0,0,0
448,q11033,1,23000,1569332497283,100,0,0,0
449,q63,1,25000,1569332562744,100,0,0,0
450,q8131,1,28000,1569332646881,100,0,0,0
451,q555,1,31000,1569366821751,100,0,0,0
452,q243,1,21000,1569366922604,100,0,0,0
453,q4135,0,1200000,1569368176508,100,0,0,0
454,q4059,0,218000,1569368543137,100,0,0,0
455,q9010,1,87000,1569392229981,100,0,0,0
456,q6547,1,162000,1569392416646,100,0,0,0
457,q5428,1,48000,1569392512820,100,0,0,0
458,q3527,1,33333,1569419753144,100,0,0,0
458,q3525,1,33333,1569419753189,100,0,0,0
458,q3526,0,33333,1569419754051,100,0,0,0
459,q2864,1,40666,1569419998743,100,0,0,0
459,q2863,0,40666,1569419998759,100,0,0,0
459,q2862,0,40666,1569419998781,100,0,0,0
460,q4122,1,40000,1569448935606,100,0,0,0
461,q17060,1,28000,1569448995300,100,0,0,0
462,q4502,0,26000,1569449041139,100,0,0,0
463,q4527,1,117000,1569449221448,100,0,0,0
464,q3956,0,64000,1569449303229,100,0,0,0
465,q10005,1,82000,1569453861755,100,0,0,0
466,q5063,0,80000,1569453973444,100,0,0,0
467,q4886,0,221000,1569454506137,100,0,0,0
468,q5775,1,235000,1569454863495,100,0,0,0
469,q17074,1,31000,1569455317545,100,0,0,0
470,q5063,1,66000,1569465304690,100,0,0,0
471,q6336,1,68000,1569465418473,100,0,0,0
472,q6114,1,140000,1569466239741,100,0,0,0
473,q3672,0,171000,1569466582020,100,0,0,0
474,q4135,1,23000,1569466868166,100,0,0,0
475,q3672,1,24000,1569466908307,100,0,0,0
476,q5758,0,25000,1569466970941,100,0,0,0
477,q9558,1,98000,1569467145798,100,0,0,0
478,q4450,1,38000,1569467224915,100,0,0,0
479,q6740,1,37000,1569467310544,100,0,0,0
480,q5316,0,188000,1569469090271,100,0,0,0
481,q9077,1,313000,1569475799631,100,0,0,0
482,q8407,1,47000,1569475869837,100,0,0,0
483,q3910,1,55000,1569475949462,100,0,0,0
484,q10710,1,44000,1569476405460,100,0,0,0
484,q10709,1,44000,1569476405498,100,0,0,0
484,q10708,1,44000,1569476405529,100,0,0,0
484,q10711,0,44000,1569476405554,100,0,0,0
485,q6990,1,53250,1569476722565,100,0,0,0
485,q6989,0,53250,1569476722574,100,0,0,0
485,q6991,1,53250,1569476722594,100,0,0,0
485,q6992,1,53250,1569476722648,100,0,0,0
486,q6766,0,60000,1569477027284,100,0,0,0
486,q6767,0,60000,1569477027295,100,0,0,0
486,q6765,1,60000,1569477027319,100,0,0,0
486,q6768,0,60000,1569477027685,100,0,0,0
487,q6643,0,36750,1569479066855,100,0,0,0
487,q6641,1,36750,1569479066863,100,0,0,0
487,q6642,1,36750,1569479066905,100,0,0,0
487,q6644,0,36750,1569479066929,100,0,0,0
488,q11546,1,35750,1569479315639,100,0,0,0
488,q11545,1,35750,1569479315639,100,0,0,0
488,q11544,1,35750,1569479315658,100,0,0,0
488,q11543,1,35750,1569479315660,100,0,0,0
489,q6965,1,48000,1569481365934,100,0,0,0
489,q6966,1,48000,1569481365953,100,0,0,0
489,q6967,0,48000,1569481365970,100,0,0,0
489,q6968,1,48000,1569481365987,100,0,0,0
490,q3259,0,54666,1569481578888,100,0,0,0
490,q3258,0,54666,1569481578927,100,0,0,0
490,q3260,1,54666,1569481578929,100,0,0,0
491,q2664,0,25666,1569483925099,100,0,0,0
491,q2665,1,25666,1569483925106,100,0,0,0
491,q2666,1,25666,1569483925111,100,0,0,0
492,q2709,1,27666,1569484146504,100,0,0,0
492,q2711,0,27666,1569484146540,100,0,0,0
492,q2710,1,27666,1569484146559,100,0,0,0
493,q3277,1,40666,1569484392036,100,0,0,0
493,q3276,1,40666,1569484392041,100,0,0,0
493,q3278,0,40666,1569484392049,100,0,0,0
494,q3404,1,35333,1569484591644,100,0,0,0
494,q3402,0,35333,1569484591794,100,0,0,0
494,q3403,1,35333,1569484591877,100,0,0,0
495,q8170,0,32000,1569484960755,100,0,0,0
496,q11176,1,25000,1569485079036,100,0,0,0
497,q154,1,90000,1569485260009,100,0,0,0
498,q8140,0,25000,1569485333719,100,0,0,0
499,q187,0,31000,1569485447771,100,0,0,0
500,q10961,1,29000,1569486384744,100,0,0,0
501,q8101,0,30000,1569486463676,100,0,0,0
501,q8101,1,24000,1569486540963,100,0,0,0
502,q7,1,26000,1569486595426,100,0,0,0
503,q174,0,34000,1569486683312,100,0,0,0
504,q8170,1,26000,1569486802015,100,0,0,0
505,q174,1,26000,1569486858643,100,0,0,0
506,q108,1,23000,1569486936958,100,0,0,0
507,q11198,1,25000,1569487009445,100,0,0,0
508,q600,1,20000,1569487322380,100,0,0,0
509,q1273,1,23000,1569487406761,100,0,0,0
510,q758,1,21000,1569487465692,100,0,0,0
511,q265,1,18000,1569487565686,100,0,0,0
512,q550,0,23000,1569487628445,100,0,0,0
512,q550,1,23000,1569487739235,100,0,0,0
513,q749,1,23000,1569487842482,100,0,0,0
514,q890,1,19000,1569487894757,100,0,0,0
515,q485,0,20000,1569488097282,100,0,0,0
516,q698,1,20000,1569488164886,100,0,0,0
517,q6766,1,19000,1569505902621,100,0,0,0
517,q6768,1,19000,1569505902633,100,0,0,0
517,q6765,1,19000,1569505902645,100,0,0,0
517,q6767,1,19000,1569505902699,100,0,0,0
518,q5611,0,53000,1569506007364,100,0,0,0
519,q9039,0,23000,1569506065489,100,0,0,0
520,q5686,0,36000,1569506128962,100,0,0,0
521,q4476,1,23000,1569506184256,100,0,0,0
522,q8666,1,70000,1569506284722,100,0,0,0
523,q9555,0,79000,1569534663306,100,0,0,0
524,q5031,0,59000,1569534775098,100,0,0,0
525,q4878,0,58000,1569534920989,100,0,0,0
526,q4151,0,64000,1569535034841,100,0,0,0
527,q8967,1,35000,1569535111505,100,0,0,0
528,q3848,1,40000,1569539654888,100,0,0,0
529,q4022,0,43000,1569539774214,100,0,0,0
530,q3806,1,29000,1569541232952,100,0,0,0
531,q9481,1,33000,1569541419848,100,0,0,0
532,q3665,1,201000,1569542056300,100,0,0,0
533,q10,0,26000,1569543285490,100,0,0,0
534,q160,0,27000,1569543347742,100,0,0,0
535,q8069,1,23000,1569543406682,100,0,0,0
536,q11049,1,24000,1569543458563,100,0,0,0
537,q8149,1,35000,1569543524040,100,0,0,0
538,q806,1,21000,1569543603563,100,0,0,0
539,q1393,1,19000,1569543651096,100,0,0,0
540,q1107,1,20000,1569543696544,100,0,0,0
541,q200,1,21000,1569543749331,100,0,0,0
542,q572,1,25000,1569543803200,100,0,0,0
543,q289,0,25000,1569543861433,100,0,0,0
544,q1048,1,19000,1569543912190,100,0,0,0
545,q1198,1,22000,1569543968494,100,0,0,0
546,q1241,0,20000,1569544015928,100,0,0,0
547,q1144,1,18000,1569544065258,100,0,0,0
548,q717,0,29000,1569544133237,100,0,0,0
549,q489,0,20000,1569544196466,100,0,0,0
550,q587,0,20000,1569544256161,100,0,0,0
551,q1193,1,21000,1569544330350,100,0,0,0
552,q917,0,20000,1569544377386,100,0,0,0
553,q1398,1,25000,1569544434540,100,0,0,0
554,q436,1,22000,1569544493388,100,0,0,0
555,q561,1,22000,1569544554606,100,0,0,0
556,q1166,0,23000,1569544609744,100,0,0,0
557,q767,1,19000,1569544664523,100,0,0,0
558,q852,1,22000,1569544713755,100,0,0,0
559,q776,0,22000,1569544763756,100,0,0,0
560,q336,1,20000,1569544825159,100,0,0,0
561,q751,0,19000,1569544872188,100,0,0,0
562,q823,1,22000,1569544919522,100,0,0,0
563,q1733,0,39333,1569545912591,100,0,0,0
563,q1732,1,39333,1569545912609,100,0,0,0
563,q1731,0,39333,1569545912625,100,0,0,0
564,q2343,1,8000,1569546107506,100,0,0,0
564,q2344,1,8000,1569546107545,100,0,0,0
564,q2345,1,8000,1569546107545,100,0,0,0
565,q1603,0,27666,1569546307099,100,0,0,0
565,q1602,1,27666,1569546307131,100,0,0,0
565,q1604,1,27666,1569546307134,100,0,0,0
566,q1606,1,8333,1569546471370,100,0,0,0
566,q1607,1,8333,1569546471377,100,0,0,0
566,q1605,1,8333,1569546471509,100,0,0,0
567,q1463,1,7333,1569546610633,100,0,0,0
567,q1462,1,7333,1569546610660,100,0,0,0
567,q1461,1,7333,1569546610801,100,0,0,0
568,q1829,1,8000,1569546775552,100,0,0,0
568,q1828,1,8000,1569546775591,100,0,0,0
568,q1827,1,8000,1569546775611,100,0,0,0
569,q1994,1,38333,1569546952813,100,0,0,0
569,q1993,1,38333,1569546952842,100,0,0,0
569,q1992,1,38333,1569546952940,100,0,0,0
570,q1555,0,7333,1569547111821,100,0,0,0
570,q1554,1,7333,1569547111858,100,0,0,0
570,q1556,0,7333,1569547111883,100,0,0,0
571,q1641,1,44000,1569547944228,100,0,0,0
571,q1643,1,44000,1569547944244,100,0,0,0
571,q1642,0,44000,1569547944254,100,0,0,0
572,q2043,1,40333,1569548160257,100,0,0,0
572,q2045,0,40333,1569548160294,100,0,0,0
572,q2044,1,40333,1569548160337,100,0,0,0
573,q1835,0,43333,1569548412004,100,0,0,0
573,q1833,0,43333,1569548412020,100,0,0,0
573,q1834,0,43333,1569548412028,100,0,0,0
574,q2161,1,34333,1569548686917,100,0,0,0
574,q2160,1,34333,1569548686936,100,0,0,0
574,q2162,1,34333,1569548686962,100,0,0,0
575,q1522,1,33000,1569548849055,100,0,0,0
575,q1523,1,33000,1569548849067,100,0,0,0
575,q1521,0,33000,1569548849093,100,0,0,0
576,q3098,1,35666,1569549092656,100,0,0,0
576,q3097,1,35666,1569549092709,100,0,0,0
576,q3096,0,35666,1569549092766,100,0,0,0
577,q3257,1,53000,1569549314632,100,0,0,0
577,q3255,1,53000,1569549314655,100,0,0,0
577,q3256,0,53000,1569549314676,100,0,0,0
578,q3161,1,8666,1569549514395,100,0,0,0
578,q3159,0,8666,1569549514447,100,0,0,0
578,q3160,0,8666,1569549514459,100,0,0,0
579,q3062,1,49666,1569549753376,100,0,0,0
579,q3061,1,49666,1569549753385,100,0,0,0
579,q3060,1,49666,1569549753391,100,0,0,0
580,q2944,1,31333,1569549970781,100,0,0,0
580,q2943,1,31333,1569549970805,100,0,0,0
580,q2945,1,31333,1569549970813,100,0,0,0
581,q2824,1,30333,1569550120774,100,0,0,0
581,q2823,1,30333,1569550120804,100,0,0,0
581,q2825,0,30333,1569550120847,100,0,0,0
582,q2834,1,33666,1569550293602,100,0,0,0
582,q2832,1,33666,1569550293656,100,0,0,0
582,q2833,0,33666,1569550293681,100,0,0,0
583,q11304,1,9333,1569550455106,100,0,0,0
583,q11302,0,9333,1569550455115,100,0,0,0
583,q11303,0,9333,1569550455196,100,0,0,0
584,q3427,1,8333,1569550613255,100,0,0,0
584,q3426,1,8333,1569550613362,100,0,0,0
584,q3428,1,8333,1569550613381,100,0,0,0
585,q3288,1,30333,1569550744961,100,0,0,0
585,q3290,1,30333,1569550744978,100,0,0,0
585,q3289,1,30333,1569550744990,100,0,0,0
586,q6183,1,17000,1569551299156,100,0,0,0
587,q10032,0,51000,1569551362082,100,0,0,0
588,q9352,1,75000,1569551476861,100,0,0,0
589,q4883,0,62000,1569551585527,100,0,0,0
590,q5076,0,35000,1569551650381,100,0,0,0
591,q6225,1,26000,1569551710172,100,0,0,0
592,q9968,0,55000,1569551791840,100,0,0,0
593,q3935,0,15000,1569551832979,100,0,0,0
594,q3666,1,32000,1569551928080,100,0,0,0
595,q6509,0,58000,1569552011485,100,0,0,0
596,q10101,1,23000,1569552109346,100,0,0,0
597,q5659,0,27000,1569552147707,100,0,0,0
598,q4517,1,64000,1569552242730,100,0,0,0
599,q5279,1,42000,1569552316871,100,0,0,0
600,q8573,0,71000,1569552407816,100,0,0,0
601,q4486,0,23000,1569552489006,100,0,0,0
602,q5683,0,74000,1569552595760,100,0,0,0
603,q4045,1,70000,1569552699991,100,0,0,0
604,q8580,1,35000,1569552756623,100,0,0,0
605,q4083,0,60000,1569552832755,100,0,0,0
606,q6841,0,53000,1569553157551,100,0,0,0
606,q6844,1,53000,1569553157579,100,0,0,0
606,q6842,1,53000,1569553157590,100,0,0,0
606,q6843,1,53000,1569553157615,100,0,0,0
607,q10644,1,42250,1569553395933,100,0,0,0
607,q10642,1,42250,1569553395943,100,0,0,0
607,q10643,0,42250,1569553395952,100,0,0,0
607,q10645,1,42250,1569553395962,100,0,0,0
608,q6813,1,38750,1569553623585,100,0,0,0
608,q6815,1,38750,1569553623614,100,0,0,0
608,q6816,1,38750,1569553623618,100,0,0,0
608,q6814,1,38750,1569553623648,100,0,0,0
609,q11655,1,42000,1569553836725,100,0,0,0
609,q11658,0,42000,1569553836766,100,0,0,0
609,q11656,1,42000,1569553836773,100,0,0,0
609,q11657,1,42000,1569553836779,100,0,0,0
610,q7052,1,82400,1569554314251,100,0,0,0
610,q7049,0,82400,1569554314252,100,0,0,0
610,q7053,1,82400,1569554314282,100,0,0,0
610,q7051,0,82400,1569554314292,100,0,0,0
610,q7050,1,82400,1569554314390,100,0,0,0
611,q1636,1,33333,1569564314391,100,0,0,0
611,q1637,1,33333,1569564314400,100,0,0,0
611,q1635,1,33333,1569564314407,100,0,0,0
612,q2427,1,36000,1569564475743,100,0,0,0
612,q2428,1,36000,1569564475766,100,0,0,0
612,q2429,1,36000,1569564475771,100,0,0,0
613,q2485,0,8333,1569564645172,100,0,0,0
613,q2486,0,8333,1569564645173,100,0,0,0
613,q2484,1,8333,1569564645185,100,0,0,0
614,q1883,1,38000,1569564867459,100,0,0,0
614,q1882,1,38000,1569564867461,100,0,0,0
614,q1881,1,38000,1569564867490,100,0,0,0
615,q1536,1,35666,1569565051573,100,0,0,0
615,q1537,1,35666,1569565051574,100,0,0,0
615,q1538,0,35666,1569565051655,100,0,0,0
616,q1884,0,38333,1569565653030,100,0,0,0
616,q1885,1,38333,1569565653050,100,0,0,0
616,q1886,1,38333,1569565653057,100,0,0,0
617,q2355,1,57666,1569565880320,100,0,0,0
617,q2357,1,57666,1569565880326,100,0,0,0
617,q2356,1,57666,1569565880352,100,0,0,0
618,q2526,1,8333,1569566022647,100,0,0,0
618,q2527,0,8333,1569566022675,100,0,0,0
618,q2528,1,8333,1569566022877,100,0,0,0
619,q1927,1,9333,1569566186534,100,0,0,0
619,q1928,1,9333,1569566186545,100,0,0,0
619,q1926,1,9333,1569566186616,100,0,0,0
620,q2541,1,7000,1569566298640,100,0,0,0
620,q2542,1,7000,1569566298655,100,0,0,0
620,q2543,1,7000,1569566298794,100,0,0,0
621,q59,1,36000,1569567287713,100,0,0,0
622,q10,0,28000,1569567344436,100,0,0,0
623,q289,1,20000,1569567444845,100,0,0,0
624,q485,1,19000,1569567673512,100,0,0,0
625,q489,1,20000,1569567724961,100,0,0,0
626,q698,1,24000,1569567927453,100,0,0,0
627,q668,0,23000,1569567979949,100,0,0,0
628,q555,1,20000,1569568197126,100,0,0,0
629,q729,1,22000,1569568243258,100,0,0,0
630,q6543,1,46000,1569569103969,100,0,0,0
631,q4083,1,42000,1569569171397,100,0,0,0
632,q4022,1,21000,1569569759502,100,0,0,0
633,q5458,0,36000,1569569812875,100,0,0,0
634,q3956,1,59000,1569570714830,100,0,0,0
635,q4151,1,43000,1569570789277,100,0,0,0
636,q5049,1,19000,1569570896933,100,0,0,0
637,q5031,1,15000,1569570925316,100,0,0,0
638,q6993,1,111750,1569573552658,100,0,0,0
638,q6996,1,111750,1569573552676,100,0,0,0
638,q6994,1,111750,1569573552685,100,0,0,0
638,q6995,1,111750,1569573552701,100,0,0,0
639,q6907,1,97250,1569574022392,100,0,0,0
639,q6905,1,97250,1569574022406,100,0,0,0
639,q6906,1,97250,1569574022467,100,0,0,0
639,q6908,1,97250,1569574022478,100,0,0,0
640,q6859,1,76250,1569574371107,100,0,0,0
640,q6857,0,76250,1569574371150,100,0,0,0
640,q6858,0,76250,1569574371158,100,0,0,0
640,q6860,1,76250,1569574371200,100,0,0,0
641,q10851,1,61250,1569574706065,100,0,0,0
641,q10848,0,61250,1569574706101,100,0,0,0
641,q10849,0,61250,1569574706110,100,0,0,0
641,q10850,0,61250,1569574706674,100,0,0,0
642,q6810,0,348500,1569577554410,100,0,0,0
642,q6812,0,348500,1569577554433,100,0,0,0
642,q6809,1,348500,1569577554463,100,0,0,0
642,q6811,0,348500,1569577554487,100,0,0,0
643,q6860,1,27500,1569589311235,100,0,0,0
643,q6859,1,27500,1569589311253,100,0,0,0
643,q6857,1,27500,1569589311271,100,0,0,0
643,q6858,1,27500,1569589311306,100,0,0,0
644,q123,1,26000,1569589382881,100,0,0,0
645,q77,1,25000,1569589434886,100,0,0,0
646,q11003,1,22000,1569589486108,100,0,0,0
647,q8142,0,26000,1569589539041,100,0,0,0
648,q187,1,26000,1569589681260,100,0,0,0
649,q8142,1,24000,1569589733712,100,0,0,0
650,q8071,1,23000,1569589897307,100,0,0,0
651,q626,1,21000,1569589962762,100,0,0,0
652,q214,1,19000,1569590024484,100,0,0,0
653,q573,1,21000,1569590083481,100,0,0,0
654,q1052,0,22000,1569590143772,100,0,0,0
655,q259,0,25000,1569590218368,100,0,0,0
656,q5655,0,31000,1569590340970,100,0,0,0
657,q5496,0,108000,1569590489016,100,0,0,0
658,q10158,0,47000,1569590583612,100,0,0,0
659,q5416,1,181000,1569590788548,100,0,0,0
660,q6069,1,46000,1569590867521,100,0,0,0
661,q1166,1,19000,1569645824212,100,0,0,0
662,q667,1,18000,1569645870048,100,0,0,0
663,q917,1,16000,1569645910758,100,0,0,0
664,q1310,0,20000,1569645952525,100,0,0,0
665,q717,1,21000,1569646020259,100,0,0,0
666,q2526,1,5333,1569646098010,100,0,0,0
666,q2527,1,5333,1569646098050,100,0,0,0
666,q2528,1,5333,1569646098065,100,0,0,0
667,q1760,0,5333,1569646230981,100,0,0,0
667,q1758,1,5333,1569646230987,100,0,0,0
667,q1759,1,5333,1569646230991,100,0,0,0
668,q1577,1,9000,1569646359303,100,0,0,0
668,q1576,0,9000,1569646359312,100,0,0,0
668,q1575,1,9000,1569646359323,100,0,0,0
669,q2624,1,6333,1569646513829,100,0,0,0
669,q2623,1,6333,1569646513829,100,0,0,0
669,q2622,1,6333,1569646513936,100,0,0,0
670,q3412,0,8000,1569646668164,100,0,0,0
670,q3413,0,8000,1569646668189,100,0,0,0
670,q3411,1,8000,1569646668212,100,0,0,0
671,q2602,1,7000,1569647442981,100,0,0,0
671,q2603,1,7000,1569647442986,100,0,0,0
671,q2601,1,7000,1569647443041,100,0,0,0
